<?xml version="1.0" encoding="UTF-8"?>
<metadata xml:lang="en"><Esri><CreaDate>20220329</CreaDate><CreaTime>13100600</CreaTime><ArcGISFormat>1.0</ArcGISFormat><SyncOnce>TRUE</SyncOnce><DataProperties><lineage><Process ToolSource="c:\program files (x86)\arcgis\desktop10.5\ArcToolbox\Toolboxes\Data Management Tools.tbx\CalculateField" Date="20190508" Time="102001">CalculateField TAZ SLC SLCc VB "Dim SLCc\nIf [CITY_NAME] = "Salt Lake City"  Then\n SLCc = 1\n\nelse\n SLCc = 0\nend if"</Process><Process ToolSource="c:\program files (x86)\arcgis\desktop10.5\ArcToolbox\Toolboxes\Data Management Tools.tbx\CalculateField" Date="20190508" Time="102509">CalculateField TAZ SLC xx VB "dim xx\nIf [CITY_FIPS]=67000 Then\nxx=1\nelse\nxx=2\nend if"</Process><Process ToolSource="c:\program files\arcgis\pro\Resources\ArcToolbox\Toolboxes\Data Management Tools.tbx\Rename" Date="20220329" Time="130722">Rename E:\Projects\REMM-Input-Data-Prep-2019\Parcels\2020-WFRC\Inputs\WF_v8.3.2_TAZ\TAZ.shp E:\Projects\REMM-Input-Data-Prep-2019\Parcels\2020-WFRC\Inputs\WF_v8.3.2_TAZ\TAZ_832_ID_Only.shp ShapeFile</Process><Process ToolSource="c:\program files\arcgis\pro\Resources\ArcToolbox\Toolboxes\Data Management Tools.tbx\Copy" Date="20220329" Time="131006">Copy E:\Projects\REMM-Input-Data-Prep-2019\Parcels\2020-WFRC\Inputs\WF_v8.3.2_TAZ\TAZ_832_ID_Only.shp E:\Projects\REMM-Input-Data-Prep-2019\Parcels\2020-WFRC\Inputs\TAZ_832_ID_Only.shp Shapefile #</Process></lineage><itemProps><itemLocation><linkage Sync="TRUE">file://\\WS04112019\E\Projects\REMM-Input-Data-Prep-2019\Parcels\2020-WFRC\Inputs\TAZ_832_ID_Only</linkage><protocol Sync="TRUE">Local Area Network</protocol></itemLocation></itemProps><copyHistory><copy source="E:\Projects\REMM-Input-Data-Prep-2019\Parcels\2020-WFRC\Inputs\WF_v8.3.2_TAZ\TAZ_832_ID_Only" dest="\\WS04112019\E\Projects\REMM-Input-Data-Prep-2019\Parcels\2020-WFRC\Inputs\TAZ_832_ID_Only" date="20220329" time="13100600"></copy></copyHistory></DataProperties></Esri></metadata>
